{"cameraMode":{"drawMode":0,"name":"Shaded","section":"Shading Mode"},"sceneLighting":true,"audioPlay":false,"sceneViewState":{"showFog":true,"showMaterialUpdate":false,"showSkybox":true,"showFlares":true,"showImageEffects":true,"showParticleSystems":true},"in2DMode":false,"pivot":{"x":2.36899995803833,"y":0.8000000715255737,"z":-6.197000026702881},"rotation":{"x":0.7138627171516419,"y":-0.029376225546002389,"z":0.030000029131770135,"w":0.6990271210670471},"size":7.764659881591797,"orthographic":true}